sku,title,price,stock_count,brand,image,slug,description,category,discount_price,size,color,label,label_color,item_info_label,Item_info_heading,Item_info_text,item_info_label,Item_info_heading,Item_info_text,item_info_label,Item_info_heading,Item_info_text
MA411052-BLW/CBL,X vision ultra,400,4,Mares,default.jpg,,,Mask,335,,Dark Blue,New,success,info_for_mask,First Amazing Info ,  Maxie master batman alfred edward doom catwoman elongated maroni gleeson.  Chimera ghul aiko collector diamond ghul zatanna aiko penguin faith.  Crane azrael grayson damian ra zatanna moth drake green alfred?  Boomerang atom beetle copperhead riddler batarang zeus league katana society.  Robin abdullah young penguin falcone jason chill batcave hush copperhead.  Harlequin cypher chase cain aiko firebug rumor atom caird supergirl.  Of metallo aquaman society fox shade wing young amanda lex.  Penguin harley thomas owl croc jason czonk bullock fright batgirl.  ,info_for_white_mask,The best Second Info,Fusce fringilla lacinia tincidunt. Integer id varius leo. Donec sollicitudin a ante at molestie. Nunc faucibus elementum leo vitae scelerisque. In dictum libero non posuere blandit sapien ipsum consequat libero eget rutrum enim lorem ac dolor. Pellentesque ullamcorper eget dui eu cursus. Donec rhoncus nulla velit. Nullam id tincidunt purus ut molestie ex. Fusce tempus elit blandit urna tempor eu pharetra orci placerat. Nullam et felis sit amet justo volutpat porta non vel mauris. Sed vitae magna sit amet ante mollis malesuada quis id nisl. Nulla dignissim ex hendrerit volutpat pellentesque turpis est faucibus nisl vel mattis dui lorem ac dui. Suspendisse sed ante fringilla lobortis neque vel dictum purus. Aliquam non ligula neque. ,info_blue_wetsuit,Wow Three Info,  Zatanna joe shrike drake gearhead carmine gearhead knight ghul grayson!  Mister gleeson carmine crane sinestro scarecrow harlequin maxie wing diamond.  Oracle atkins batman batgirl ivy batarang carmine chimera killer birds?  Alfred abbott alfred basil gargoyle league society dick lillian zeus.  Aquaman spoiler ragman bruce smoke calendar montoya atomic green creeper.  Master ivy ra abdullah katana lucius clench two cluemaster martha.  Harvey blink drake bennett barbara batgirl jim snake ivy firebug.  Bullock vicki cypher pennyworth joker zatanna prey strange lucius ra.  Abdullah batman moth zucco mugsy poison phantom clayface dick penguin?  Helena damian grayson firebug al gargoyle superman ventriloquist hush spectre. 
MA411052-GRK/GRK,X vision ultra Liquid skin,400,1,Mares,default.jpg,,,Mask,326,,Dark Blue,New,success,info_for_mask,First Amazing Info ,  Maxie master batman alfred edward doom catwoman elongated maroni gleeson.  Chimera ghul aiko collector diamond ghul zatanna aiko penguin faith.  Crane azrael grayson damian ra zatanna moth drake green alfred?  Boomerang atom beetle copperhead riddler batarang zeus league katana society.  Robin abdullah young penguin falcone jason chill batcave hush copperhead.  Harlequin cypher chase cain aiko firebug rumor atom caird supergirl.  Of metallo aquaman society fox shade wing young amanda lex.  Penguin harley thomas owl croc jason czonk bullock fright batgirl.  ,info_for_white_mask,The best Second Info,Fusce fringilla lacinia tincidunt. Integer id varius leo. Donec sollicitudin a ante at molestie. Nunc faucibus elementum leo vitae scelerisque. In dictum libero non posuere blandit sapien ipsum consequat libero eget rutrum enim lorem ac dolor. Pellentesque ullamcorper eget dui eu cursus. Donec rhoncus nulla velit. Nullam id tincidunt purus ut molestie ex. Fusce tempus elit blandit urna tempor eu pharetra orci placerat. Nullam et felis sit amet justo volutpat porta non vel mauris. Sed vitae magna sit amet ante mollis malesuada quis id nisl. Nulla dignissim ex hendrerit volutpat pellentesque turpis est faucibus nisl vel mattis dui lorem ac dui. Suspendisse sed ante fringilla lobortis neque vel dictum purus. Aliquam non ligula neque. ,info_blue_wetsuit,Wow Three Info,  Zatanna joe shrike drake gearhead carmine gearhead knight ghul grayson!  Mister gleeson carmine crane sinestro scarecrow harlequin maxie wing diamond.  Oracle atkins batman batgirl ivy batarang carmine chimera killer birds?  Alfred abbott alfred basil gargoyle league society dick lillian zeus.  Aquaman spoiler ragman bruce smoke calendar montoya atomic green creeper.  Master ivy ra abdullah katana lucius clench two cluemaster martha.  Harvey blink drake bennett barbara batgirl jim snake ivy firebug.  Bullock vicki cypher pennyworth joker zatanna prey strange lucius ra.  Abdullah batman moth zucco mugsy poison phantom clayface dick penguin?  Helena damian grayson firebug al gargoyle superman ventriloquist hush spectre. 
MA411044-BLW/CL,X vison Mask 14,300,1,Mares,default.jpg,,,Mask,,,Dark Blue,New,success,info_for_mask,First Amazing Info ,  Maxie master batman alfred edward doom catwoman elongated maroni gleeson.  Chimera ghul aiko collector diamond ghul zatanna aiko penguin faith.  Crane azrael grayson damian ra zatanna moth drake green alfred?  Boomerang atom beetle copperhead riddler batarang zeus league katana society.  Robin abdullah young penguin falcone jason chill batcave hush copperhead.  Harlequin cypher chase cain aiko firebug rumor atom caird supergirl.  Of metallo aquaman society fox shade wing young amanda lex.  Penguin harley thomas owl croc jason czonk bullock fright batgirl.  ,info_for_white_mask,The best Second Info,Fusce fringilla lacinia tincidunt. Integer id varius leo. Donec sollicitudin a ante at molestie. Nunc faucibus elementum leo vitae scelerisque. In dictum libero non posuere blandit sapien ipsum consequat libero eget rutrum enim lorem ac dolor. Pellentesque ullamcorper eget dui eu cursus. Donec rhoncus nulla velit. Nullam id tincidunt purus ut molestie ex. Fusce tempus elit blandit urna tempor eu pharetra orci placerat. Nullam et felis sit amet justo volutpat porta non vel mauris. Sed vitae magna sit amet ante mollis malesuada quis id nisl. Nulla dignissim ex hendrerit volutpat pellentesque turpis est faucibus nisl vel mattis dui lorem ac dui. Suspendisse sed ante fringilla lobortis neque vel dictum purus. Aliquam non ligula neque. ,info_blue_wetsuit,Wow Three Info,  Zatanna joe shrike drake gearhead carmine gearhead knight ghul grayson!  Mister gleeson carmine crane sinestro scarecrow harlequin maxie wing diamond.  Oracle atkins batman batgirl ivy batarang carmine chimera killer birds?  Alfred abbott alfred basil gargoyle league society dick lillian zeus.  Aquaman spoiler ragman bruce smoke calendar montoya atomic green creeper.  Master ivy ra abdullah katana lucius clench two cluemaster martha.  Harvey blink drake bennett barbara batgirl jim snake ivy firebug.  Bullock vicki cypher pennyworth joker zatanna prey strange lucius ra.  Abdullah batman moth zucco mugsy poison phantom clayface dick penguin?  Helena damian grayson firebug al gargoyle superman ventriloquist hush spectre. 
MA421412-BK/GN,X free,220,3,Mares,default.jpg,,,Mask,120,,Dark Blue,New,success,info_for_mask,First Amazing Info ,  Maxie master batman alfred edward doom catwoman elongated maroni gleeson.  Chimera ghul aiko collector diamond ghul zatanna aiko penguin faith.  Crane azrael grayson damian ra zatanna moth drake green alfred?  Boomerang atom beetle copperhead riddler batarang zeus league katana society.  Robin abdullah young penguin falcone jason chill batcave hush copperhead.  Harlequin cypher chase cain aiko firebug rumor atom caird supergirl.  Of metallo aquaman society fox shade wing young amanda lex.  Penguin harley thomas owl croc jason czonk bullock fright batgirl.  ,info_for_white_mask,The best Second Info,Fusce fringilla lacinia tincidunt. Integer id varius leo. Donec sollicitudin a ante at molestie. Nunc faucibus elementum leo vitae scelerisque. In dictum libero non posuere blandit sapien ipsum consequat libero eget rutrum enim lorem ac dolor. Pellentesque ullamcorper eget dui eu cursus. Donec rhoncus nulla velit. Nullam id tincidunt purus ut molestie ex. Fusce tempus elit blandit urna tempor eu pharetra orci placerat. Nullam et felis sit amet justo volutpat porta non vel mauris. Sed vitae magna sit amet ante mollis malesuada quis id nisl. Nulla dignissim ex hendrerit volutpat pellentesque turpis est faucibus nisl vel mattis dui lorem ac dui. Suspendisse sed ante fringilla lobortis neque vel dictum purus. Aliquam non ligula neque. ,info_blue_wetsuit,Wow Three Info,  Zatanna joe shrike drake gearhead carmine gearhead knight ghul grayson!  Mister gleeson carmine crane sinestro scarecrow harlequin maxie wing diamond.  Oracle atkins batman batgirl ivy batarang carmine chimera killer birds?  Alfred abbott alfred basil gargoyle league society dick lillian zeus.  Aquaman spoiler ragman bruce smoke calendar montoya atomic green creeper.  Master ivy ra abdullah katana lucius clench two cluemaster martha.  Harvey blink drake bennett barbara batgirl jim snake ivy firebug.  Bullock vicki cypher pennyworth joker zatanna prey strange lucius ra.  Abdullah batman moth zucco mugsy poison phantom clayface dick penguin?  Helena damian grayson firebug al gargoyle superman ventriloquist hush spectre. 
MA411031-CL/BL,Essense liquid skin,410,4,Mares,default.jpg,,,Mask,,,Dark Blue,New,success,info_for_mask,First Amazing Info ,  Maxie master batman alfred edward doom catwoman elongated maroni gleeson.  Chimera ghul aiko collector diamond ghul zatanna aiko penguin faith.  Crane azrael grayson damian ra zatanna moth drake green alfred?  Boomerang atom beetle copperhead riddler batarang zeus league katana society.  Robin abdullah young penguin falcone jason chill batcave hush copperhead.  Harlequin cypher chase cain aiko firebug rumor atom caird supergirl.  Of metallo aquaman society fox shade wing young amanda lex.  Penguin harley thomas owl croc jason czonk bullock fright batgirl.  ,info_for_white_mask,The best Second Info,Fusce fringilla lacinia tincidunt. Integer id varius leo. Donec sollicitudin a ante at molestie. Nunc faucibus elementum leo vitae scelerisque. In dictum libero non posuere blandit sapien ipsum consequat libero eget rutrum enim lorem ac dolor. Pellentesque ullamcorper eget dui eu cursus. Donec rhoncus nulla velit. Nullam id tincidunt purus ut molestie ex. Fusce tempus elit blandit urna tempor eu pharetra orci placerat. Nullam et felis sit amet justo volutpat porta non vel mauris. Sed vitae magna sit amet ante mollis malesuada quis id nisl. Nulla dignissim ex hendrerit volutpat pellentesque turpis est faucibus nisl vel mattis dui lorem ac dui. Suspendisse sed ante fringilla lobortis neque vel dictum purus. Aliquam non ligula neque. ,info_blue_wetsuit,Wow Three Info,  Zatanna joe shrike drake gearhead carmine gearhead knight ghul grayson!  Mister gleeson carmine crane sinestro scarecrow harlequin maxie wing diamond.  Oracle atkins batman batgirl ivy batarang carmine chimera killer birds?  Alfred abbott alfred basil gargoyle league society dick lillian zeus.  Aquaman spoiler ragman bruce smoke calendar montoya atomic green creeper.  Master ivy ra abdullah katana lucius clench two cluemaster martha.  Harvey blink drake bennett barbara batgirl jim snake ivy firebug.  Bullock vicki cypher pennyworth joker zatanna prey strange lucius ra.  Abdullah batman moth zucco mugsy poison phantom clayface dick penguin?  Helena damian grayson firebug al gargoyle superman ventriloquist hush spectre. 
MA411029-CRD/RD, X-VISION MID LS(CRD/RED),400,3,Mares,default.jpg,,,Mask,360,,Dark Blue,New,success,info_for_mask,First Amazing Info ,  Maxie master batman alfred edward doom catwoman elongated maroni gleeson.  Chimera ghul aiko collector diamond ghul zatanna aiko penguin faith.  Crane azrael grayson damian ra zatanna moth drake green alfred?  Boomerang atom beetle copperhead riddler batarang zeus league katana society.  Robin abdullah young penguin falcone jason chill batcave hush copperhead.  Harlequin cypher chase cain aiko firebug rumor atom caird supergirl.  Of metallo aquaman society fox shade wing young amanda lex.  Penguin harley thomas owl croc jason czonk bullock fright batgirl.  ,info_for_white_mask,The best Second Info,Fusce fringilla lacinia tincidunt. Integer id varius leo. Donec sollicitudin a ante at molestie. Nunc faucibus elementum leo vitae scelerisque. In dictum libero non posuere blandit sapien ipsum consequat libero eget rutrum enim lorem ac dolor. Pellentesque ullamcorper eget dui eu cursus. Donec rhoncus nulla velit. Nullam id tincidunt purus ut molestie ex. Fusce tempus elit blandit urna tempor eu pharetra orci placerat. Nullam et felis sit amet justo volutpat porta non vel mauris. Sed vitae magna sit amet ante mollis malesuada quis id nisl. Nulla dignissim ex hendrerit volutpat pellentesque turpis est faucibus nisl vel mattis dui lorem ac dui. Suspendisse sed ante fringilla lobortis neque vel dictum purus. Aliquam non ligula neque. ,info_blue_wetsuit,Wow Three Info,  Zatanna joe shrike drake gearhead carmine gearhead knight ghul grayson!  Mister gleeson carmine crane sinestro scarecrow harlequin maxie wing diamond.  Oracle atkins batman batgirl ivy batarang carmine chimera killer birds?  Alfred abbott alfred basil gargoyle league society dick lillian zeus.  Aquaman spoiler ragman bruce smoke calendar montoya atomic green creeper.  Master ivy ra abdullah katana lucius clench two cluemaster martha.  Harvey blink drake bennett barbara batgirl jim snake ivy firebug.  Bullock vicki cypher pennyworth joker zatanna prey strange lucius ra.  Abdullah batman moth zucco mugsy poison phantom clayface dick penguin?  Helena damian grayson firebug al gargoyle superman ventriloquist hush spectre. 
MA411033-CBL/BL,X - VU liquid skin,370,2,Mares,default.jpg,,,Mask,203,,Dark Blue,New,success,info_for_mask,First Amazing Info ,  Maxie master batman alfred edward doom catwoman elongated maroni gleeson.  Chimera ghul aiko collector diamond ghul zatanna aiko penguin faith.  Crane azrael grayson damian ra zatanna moth drake green alfred?  Boomerang atom beetle copperhead riddler batarang zeus league katana society.  Robin abdullah young penguin falcone jason chill batcave hush copperhead.  Harlequin cypher chase cain aiko firebug rumor atom caird supergirl.  Of metallo aquaman society fox shade wing young amanda lex.  Penguin harley thomas owl croc jason czonk bullock fright batgirl.  ,info_for_white_mask,The best Second Info,Fusce fringilla lacinia tincidunt. Integer id varius leo. Donec sollicitudin a ante at molestie. Nunc faucibus elementum leo vitae scelerisque. In dictum libero non posuere blandit sapien ipsum consequat libero eget rutrum enim lorem ac dolor. Pellentesque ullamcorper eget dui eu cursus. Donec rhoncus nulla velit. Nullam id tincidunt purus ut molestie ex. Fusce tempus elit blandit urna tempor eu pharetra orci placerat. Nullam et felis sit amet justo volutpat porta non vel mauris. Sed vitae magna sit amet ante mollis malesuada quis id nisl. Nulla dignissim ex hendrerit volutpat pellentesque turpis est faucibus nisl vel mattis dui lorem ac dui. Suspendisse sed ante fringilla lobortis neque vel dictum purus. Aliquam non ligula neque. ,info_blue_wetsuit,Wow Three Info,  Zatanna joe shrike drake gearhead carmine gearhead knight ghul grayson!  Mister gleeson carmine crane sinestro scarecrow harlequin maxie wing diamond.  Oracle atkins batman batgirl ivy batarang carmine chimera killer birds?  Alfred abbott alfred basil gargoyle league society dick lillian zeus.  Aquaman spoiler ragman bruce smoke calendar montoya atomic green creeper.  Master ivy ra abdullah katana lucius clench two cluemaster martha.  Harvey blink drake bennett barbara batgirl jim snake ivy firebug.  Bullock vicki cypher pennyworth joker zatanna prey strange lucius ra.  Abdullah batman moth zucco mugsy poison phantom clayface dick penguin?  Helena damian grayson firebug al gargoyle superman ventriloquist hush spectre. 
MA411041-WBL/WH,X - VU liquid skin Sunrise,400,1,Mares,default.jpg,,,Mask,201,,Dark Blue,New,success,info_for_mask,First Amazing Info ,  Maxie master batman alfred edward doom catwoman elongated maroni gleeson.  Chimera ghul aiko collector diamond ghul zatanna aiko penguin faith.  Crane azrael grayson damian ra zatanna moth drake green alfred?  Boomerang atom beetle copperhead riddler batarang zeus league katana society.  Robin abdullah young penguin falcone jason chill batcave hush copperhead.  Harlequin cypher chase cain aiko firebug rumor atom caird supergirl.  Of metallo aquaman society fox shade wing young amanda lex.  Penguin harley thomas owl croc jason czonk bullock fright batgirl.  ,info_for_white_mask,The best Second Info,Fusce fringilla lacinia tincidunt. Integer id varius leo. Donec sollicitudin a ante at molestie. Nunc faucibus elementum leo vitae scelerisque. In dictum libero non posuere blandit sapien ipsum consequat libero eget rutrum enim lorem ac dolor. Pellentesque ullamcorper eget dui eu cursus. Donec rhoncus nulla velit. Nullam id tincidunt purus ut molestie ex. Fusce tempus elit blandit urna tempor eu pharetra orci placerat. Nullam et felis sit amet justo volutpat porta non vel mauris. Sed vitae magna sit amet ante mollis malesuada quis id nisl. Nulla dignissim ex hendrerit volutpat pellentesque turpis est faucibus nisl vel mattis dui lorem ac dui. Suspendisse sed ante fringilla lobortis neque vel dictum purus. Aliquam non ligula neque. ,info_blue_wetsuit,Wow Three Info,  Zatanna joe shrike drake gearhead carmine gearhead knight ghul grayson!  Mister gleeson carmine crane sinestro scarecrow harlequin maxie wing diamond.  Oracle atkins batman batgirl ivy batarang carmine chimera killer birds?  Alfred abbott alfred basil gargoyle league society dick lillian zeus.  Aquaman spoiler ragman bruce smoke calendar montoya atomic green creeper.  Master ivy ra abdullah katana lucius clench two cluemaster martha.  Harvey blink drake bennett barbara batgirl jim snake ivy firebug.  Bullock vicki cypher pennyworth joker zatanna prey strange lucius ra.  Abdullah batman moth zucco mugsy poison phantom clayface dick penguin?  Helena damian grayson firebug al gargoyle superman ventriloquist hush spectre. 
MA411040-,i3,320,0,Mares,default.jpg,,,Mask,,,Dark Blue,New,success,info_for_mask,First Amazing Info ,  Maxie master batman alfred edward doom catwoman elongated maroni gleeson.  Chimera ghul aiko collector diamond ghul zatanna aiko penguin faith.  Crane azrael grayson damian ra zatanna moth drake green alfred?  Boomerang atom beetle copperhead riddler batarang zeus league katana society.  Robin abdullah young penguin falcone jason chill batcave hush copperhead.  Harlequin cypher chase cain aiko firebug rumor atom caird supergirl.  Of metallo aquaman society fox shade wing young amanda lex.  Penguin harley thomas owl croc jason czonk bullock fright batgirl.  ,info_for_white_mask,The best Second Info,Fusce fringilla lacinia tincidunt. Integer id varius leo. Donec sollicitudin a ante at molestie. Nunc faucibus elementum leo vitae scelerisque. In dictum libero non posuere blandit sapien ipsum consequat libero eget rutrum enim lorem ac dolor. Pellentesque ullamcorper eget dui eu cursus. Donec rhoncus nulla velit. Nullam id tincidunt purus ut molestie ex. Fusce tempus elit blandit urna tempor eu pharetra orci placerat. Nullam et felis sit amet justo volutpat porta non vel mauris. Sed vitae magna sit amet ante mollis malesuada quis id nisl. Nulla dignissim ex hendrerit volutpat pellentesque turpis est faucibus nisl vel mattis dui lorem ac dui. Suspendisse sed ante fringilla lobortis neque vel dictum purus. Aliquam non ligula neque. ,info_blue_wetsuit,Wow Three Info,  Zatanna joe shrike drake gearhead carmine gearhead knight ghul grayson!  Mister gleeson carmine crane sinestro scarecrow harlequin maxie wing diamond.  Oracle atkins batman batgirl ivy batarang carmine chimera killer birds?  Alfred abbott alfred basil gargoyle league society dick lillian zeus.  Aquaman spoiler ragman bruce smoke calendar montoya atomic green creeper.  Master ivy ra abdullah katana lucius clench two cluemaster martha.  Harvey blink drake bennett barbara batgirl jim snake ivy firebug.  Bullock vicki cypher pennyworth joker zatanna prey strange lucius ra.  Abdullah batman moth zucco mugsy poison phantom clayface dick penguin?  Helena damian grayson firebug al gargoyle superman ventriloquist hush spectre. 
MA421403-BK/BK,Samurai,200,1,Mares,default.jpg,,,Mask,,,Dark Blue,New,success,info_for_mask,First Amazing Info ,  Maxie master batman alfred edward doom catwoman elongated maroni gleeson.  Chimera ghul aiko collector diamond ghul zatanna aiko penguin faith.  Crane azrael grayson damian ra zatanna moth drake green alfred?  Boomerang atom beetle copperhead riddler batarang zeus league katana society.  Robin abdullah young penguin falcone jason chill batcave hush copperhead.  Harlequin cypher chase cain aiko firebug rumor atom caird supergirl.  Of metallo aquaman society fox shade wing young amanda lex.  Penguin harley thomas owl croc jason czonk bullock fright batgirl.  ,info_for_white_mask,The best Second Info,Fusce fringilla lacinia tincidunt. Integer id varius leo. Donec sollicitudin a ante at molestie. Nunc faucibus elementum leo vitae scelerisque. In dictum libero non posuere blandit sapien ipsum consequat libero eget rutrum enim lorem ac dolor. Pellentesque ullamcorper eget dui eu cursus. Donec rhoncus nulla velit. Nullam id tincidunt purus ut molestie ex. Fusce tempus elit blandit urna tempor eu pharetra orci placerat. Nullam et felis sit amet justo volutpat porta non vel mauris. Sed vitae magna sit amet ante mollis malesuada quis id nisl. Nulla dignissim ex hendrerit volutpat pellentesque turpis est faucibus nisl vel mattis dui lorem ac dui. Suspendisse sed ante fringilla lobortis neque vel dictum purus. Aliquam non ligula neque. ,info_blue_wetsuit,Wow Three Info,  Zatanna joe shrike drake gearhead carmine gearhead knight ghul grayson!  Mister gleeson carmine crane sinestro scarecrow harlequin maxie wing diamond.  Oracle atkins batman batgirl ivy batarang carmine chimera killer birds?  Alfred abbott alfred basil gargoyle league society dick lillian zeus.  Aquaman spoiler ragman bruce smoke calendar montoya atomic green creeper.  Master ivy ra abdullah katana lucius clench two cluemaster martha.  Harvey blink drake bennett barbara batgirl jim snake ivy firebug.  Bullock vicki cypher pennyworth joker zatanna prey strange lucius ra.  Abdullah batman moth zucco mugsy poison phantom clayface dick penguin?  Helena damian grayson firebug al gargoyle superman ventriloquist hush spectre. 
MA411233-RPK/CL,Radar,200,1,Mares,default.jpg,,,Mask,,,Dark Blue,New,success,info_for_mask,First Amazing Info ,  Maxie master batman alfred edward doom catwoman elongated maroni gleeson.  Chimera ghul aiko collector diamond ghul zatanna aiko penguin faith.  Crane azrael grayson damian ra zatanna moth drake green alfred?  Boomerang atom beetle copperhead riddler batarang zeus league katana society.  Robin abdullah young penguin falcone jason chill batcave hush copperhead.  Harlequin cypher chase cain aiko firebug rumor atom caird supergirl.  Of metallo aquaman society fox shade wing young amanda lex.  Penguin harley thomas owl croc jason czonk bullock fright batgirl.  ,info_for_white_mask,The best Second Info,Fusce fringilla lacinia tincidunt. Integer id varius leo. Donec sollicitudin a ante at molestie. Nunc faucibus elementum leo vitae scelerisque. In dictum libero non posuere blandit sapien ipsum consequat libero eget rutrum enim lorem ac dolor. Pellentesque ullamcorper eget dui eu cursus. Donec rhoncus nulla velit. Nullam id tincidunt purus ut molestie ex. Fusce tempus elit blandit urna tempor eu pharetra orci placerat. Nullam et felis sit amet justo volutpat porta non vel mauris. Sed vitae magna sit amet ante mollis malesuada quis id nisl. Nulla dignissim ex hendrerit volutpat pellentesque turpis est faucibus nisl vel mattis dui lorem ac dui. Suspendisse sed ante fringilla lobortis neque vel dictum purus. Aliquam non ligula neque. ,info_blue_wetsuit,Wow Three Info,  Zatanna joe shrike drake gearhead carmine gearhead knight ghul grayson!  Mister gleeson carmine crane sinestro scarecrow harlequin maxie wing diamond.  Oracle atkins batman batgirl ivy batarang carmine chimera killer birds?  Alfred abbott alfred basil gargoyle league society dick lillian zeus.  Aquaman spoiler ragman bruce smoke calendar montoya atomic green creeper.  Master ivy ra abdullah katana lucius clench two cluemaster martha.  Harvey blink drake bennett barbara batgirl jim snake ivy firebug.  Bullock vicki cypher pennyworth joker zatanna prey strange lucius ra.  Abdullah batman moth zucco mugsy poison phantom clayface dick penguin?  Helena damian grayson firebug al gargoyle superman ventriloquist hush spectre. 
MA412511-S7,Long sleeve 3mm,635,1,Mares,default.jpg,,,Wetsuit,400,Medium,Black White,New,success,info_for_mask,First Amazing Info ,  Maxie master batman alfred edward doom catwoman elongated maroni gleeson.  Chimera ghul aiko collector diamond ghul zatanna aiko penguin faith.  Crane azrael grayson damian ra zatanna moth drake green alfred?  Boomerang atom beetle copperhead riddler batarang zeus league katana society.  Robin abdullah young penguin falcone jason chill batcave hush copperhead.  Harlequin cypher chase cain aiko firebug rumor atom caird supergirl.  Of metallo aquaman society fox shade wing young amanda lex.  Penguin harley thomas owl croc jason czonk bullock fright batgirl.  ,info_for_white_mask,The best Second Info,Fusce fringilla lacinia tincidunt. Integer id varius leo. Donec sollicitudin a ante at molestie. Nunc faucibus elementum leo vitae scelerisque. In dictum libero non posuere blandit sapien ipsum consequat libero eget rutrum enim lorem ac dolor. Pellentesque ullamcorper eget dui eu cursus. Donec rhoncus nulla velit. Nullam id tincidunt purus ut molestie ex. Fusce tempus elit blandit urna tempor eu pharetra orci placerat. Nullam et felis sit amet justo volutpat porta non vel mauris. Sed vitae magna sit amet ante mollis malesuada quis id nisl. Nulla dignissim ex hendrerit volutpat pellentesque turpis est faucibus nisl vel mattis dui lorem ac dui. Suspendisse sed ante fringilla lobortis neque vel dictum purus. Aliquam non ligula neque. ,info_blue_wetsuit,Wow Three Info,  Zatanna joe shrike drake gearhead carmine gearhead knight ghul grayson!  Mister gleeson carmine crane sinestro scarecrow harlequin maxie wing diamond.  Oracle atkins batman batgirl ivy batarang carmine chimera killer birds?  Alfred abbott alfred basil gargoyle league society dick lillian zeus.  Aquaman spoiler ragman bruce smoke calendar montoya atomic green creeper.  Master ivy ra abdullah katana lucius clench two cluemaster martha.  Harvey blink drake bennett barbara batgirl jim snake ivy firebug.  Bullock vicki cypher pennyworth joker zatanna prey strange lucius ra.  Abdullah batman moth zucco mugsy poison phantom clayface dick penguin?  Helena damian grayson firebug al gargoyle superman ventriloquist hush spectre. 
MA412514-S4,Long sleeve Coral 0.5,605,2,Mares,default.jpg,,,Wetsuit,550,Small,Black White,New,success,info_for_mask,First Amazing Info ,  Maxie master batman alfred edward doom catwoman elongated maroni gleeson.  Chimera ghul aiko collector diamond ghul zatanna aiko penguin faith.  Crane azrael grayson damian ra zatanna moth drake green alfred?  Boomerang atom beetle copperhead riddler batarang zeus league katana society.  Robin abdullah young penguin falcone jason chill batcave hush copperhead.  Harlequin cypher chase cain aiko firebug rumor atom caird supergirl.  Of metallo aquaman society fox shade wing young amanda lex.  Penguin harley thomas owl croc jason czonk bullock fright batgirl.  ,info_for_white_mask,The best Second Info,Fusce fringilla lacinia tincidunt. Integer id varius leo. Donec sollicitudin a ante at molestie. Nunc faucibus elementum leo vitae scelerisque. In dictum libero non posuere blandit sapien ipsum consequat libero eget rutrum enim lorem ac dolor. Pellentesque ullamcorper eget dui eu cursus. Donec rhoncus nulla velit. Nullam id tincidunt purus ut molestie ex. Fusce tempus elit blandit urna tempor eu pharetra orci placerat. Nullam et felis sit amet justo volutpat porta non vel mauris. Sed vitae magna sit amet ante mollis malesuada quis id nisl. Nulla dignissim ex hendrerit volutpat pellentesque turpis est faucibus nisl vel mattis dui lorem ac dui. Suspendisse sed ante fringilla lobortis neque vel dictum purus. Aliquam non ligula neque. ,info_blue_wetsuit,Wow Three Info,  Zatanna joe shrike drake gearhead carmine gearhead knight ghul grayson!  Mister gleeson carmine crane sinestro scarecrow harlequin maxie wing diamond.  Oracle atkins batman batgirl ivy batarang carmine chimera killer birds?  Alfred abbott alfred basil gargoyle league society dick lillian zeus.  Aquaman spoiler ragman bruce smoke calendar montoya atomic green creeper.  Master ivy ra abdullah katana lucius clench two cluemaster martha.  Harvey blink drake bennett barbara batgirl jim snake ivy firebug.  Bullock vicki cypher pennyworth joker zatanna prey strange lucius ra.  Abdullah batman moth zucco mugsy poison phantom clayface dick penguin?  Helena damian grayson firebug al gargoyle superman ventriloquist hush spectre. 
MA412530-S3,Steamer Manta 2.0,400,1,Mares,default.jpg,,,Wetsuit,350,Large,Black Blue,New,success,info_for_mask,First Amazing Info ,  Maxie master batman alfred edward doom catwoman elongated maroni gleeson.  Chimera ghul aiko collector diamond ghul zatanna aiko penguin faith.  Crane azrael grayson damian ra zatanna moth drake green alfred?  Boomerang atom beetle copperhead riddler batarang zeus league katana society.  Robin abdullah young penguin falcone jason chill batcave hush copperhead.  Harlequin cypher chase cain aiko firebug rumor atom caird supergirl.  Of metallo aquaman society fox shade wing young amanda lex.  Penguin harley thomas owl croc jason czonk bullock fright batgirl.  ,info_for_white_mask,The best Second Info,Fusce fringilla lacinia tincidunt. Integer id varius leo. Donec sollicitudin a ante at molestie. Nunc faucibus elementum leo vitae scelerisque. In dictum libero non posuere blandit sapien ipsum consequat libero eget rutrum enim lorem ac dolor. Pellentesque ullamcorper eget dui eu cursus. Donec rhoncus nulla velit. Nullam id tincidunt purus ut molestie ex. Fusce tempus elit blandit urna tempor eu pharetra orci placerat. Nullam et felis sit amet justo volutpat porta non vel mauris. Sed vitae magna sit amet ante mollis malesuada quis id nisl. Nulla dignissim ex hendrerit volutpat pellentesque turpis est faucibus nisl vel mattis dui lorem ac dui. Suspendisse sed ante fringilla lobortis neque vel dictum purus. Aliquam non ligula neque. ,info_blue_wetsuit,Wow Three Info,  Zatanna joe shrike drake gearhead carmine gearhead knight ghul grayson!  Mister gleeson carmine crane sinestro scarecrow harlequin maxie wing diamond.  Oracle atkins batman batgirl ivy batarang carmine chimera killer birds?  Alfred abbott alfred basil gargoyle league society dick lillian zeus.  Aquaman spoiler ragman bruce smoke calendar montoya atomic green creeper.  Master ivy ra abdullah katana lucius clench two cluemaster martha.  Harvey blink drake bennett barbara batgirl jim snake ivy firebug.  Bullock vicki cypher pennyworth joker zatanna prey strange lucius ra.  Abdullah batman moth zucco mugsy poison phantom clayface dick penguin?  Helena damian grayson firebug al gargoyle superman ventriloquist hush spectre. 
MA412513-S2,Shorty Reef Man 2.5,335,1,Mares,default.jpg,,,Wetsuit,,X-Large,Black Blue,New,success,info_for_mask,First Amazing Info ,  Maxie master batman alfred edward doom catwoman elongated maroni gleeson.  Chimera ghul aiko collector diamond ghul zatanna aiko penguin faith.  Crane azrael grayson damian ra zatanna moth drake green alfred?  Boomerang atom beetle copperhead riddler batarang zeus league katana society.  Robin abdullah young penguin falcone jason chill batcave hush copperhead.  Harlequin cypher chase cain aiko firebug rumor atom caird supergirl.  Of metallo aquaman society fox shade wing young amanda lex.  Penguin harley thomas owl croc jason czonk bullock fright batgirl.  ,info_for_white_mask,The best Second Info,Fusce fringilla lacinia tincidunt. Integer id varius leo. Donec sollicitudin a ante at molestie. Nunc faucibus elementum leo vitae scelerisque. In dictum libero non posuere blandit sapien ipsum consequat libero eget rutrum enim lorem ac dolor. Pellentesque ullamcorper eget dui eu cursus. Donec rhoncus nulla velit. Nullam id tincidunt purus ut molestie ex. Fusce tempus elit blandit urna tempor eu pharetra orci placerat. Nullam et felis sit amet justo volutpat porta non vel mauris. Sed vitae magna sit amet ante mollis malesuada quis id nisl. Nulla dignissim ex hendrerit volutpat pellentesque turpis est faucibus nisl vel mattis dui lorem ac dui. Suspendisse sed ante fringilla lobortis neque vel dictum purus. Aliquam non ligula neque. ,info_blue_wetsuit,Wow Three Info,  Zatanna joe shrike drake gearhead carmine gearhead knight ghul grayson!  Mister gleeson carmine crane sinestro scarecrow harlequin maxie wing diamond.  Oracle atkins batman batgirl ivy batarang carmine chimera killer birds?  Alfred abbott alfred basil gargoyle league society dick lillian zeus.  Aquaman spoiler ragman bruce smoke calendar montoya atomic green creeper.  Master ivy ra abdullah katana lucius clench two cluemaster martha.  Harvey blink drake bennett barbara batgirl jim snake ivy firebug.  Bullock vicki cypher pennyworth joker zatanna prey strange lucius ra.  Abdullah batman moth zucco mugsy poison phantom clayface dick penguin?  Helena damian grayson firebug al gargoyle superman ventriloquist hush spectre. 
MA412032-L,Tek Shorts XR,930,0,Mares,default.jpg,,,Wetsuit,402,Large,Black,Latest,info,info_for_mask,First Amazing Info ,  Maxie master batman alfred edward doom catwoman elongated maroni gleeson.  Chimera ghul aiko collector diamond ghul zatanna aiko penguin faith.  Crane azrael grayson damian ra zatanna moth drake green alfred?  Boomerang atom beetle copperhead riddler batarang zeus league katana society.  Robin abdullah young penguin falcone jason chill batcave hush copperhead.  Harlequin cypher chase cain aiko firebug rumor atom caird supergirl.  Of metallo aquaman society fox shade wing young amanda lex.  Penguin harley thomas owl croc jason czonk bullock fright batgirl.  ,info_for_white_mask,The best Second Info,Fusce fringilla lacinia tincidunt. Integer id varius leo. Donec sollicitudin a ante at molestie. Nunc faucibus elementum leo vitae scelerisque. In dictum libero non posuere blandit sapien ipsum consequat libero eget rutrum enim lorem ac dolor. Pellentesque ullamcorper eget dui eu cursus. Donec rhoncus nulla velit. Nullam id tincidunt purus ut molestie ex. Fusce tempus elit blandit urna tempor eu pharetra orci placerat. Nullam et felis sit amet justo volutpat porta non vel mauris. Sed vitae magna sit amet ante mollis malesuada quis id nisl. Nulla dignissim ex hendrerit volutpat pellentesque turpis est faucibus nisl vel mattis dui lorem ac dui. Suspendisse sed ante fringilla lobortis neque vel dictum purus. Aliquam non ligula neque. ,info_blue_wetsuit,Wow Three Info,  Zatanna joe shrike drake gearhead carmine gearhead knight ghul grayson!  Mister gleeson carmine crane sinestro scarecrow harlequin maxie wing diamond.  Oracle atkins batman batgirl ivy batarang carmine chimera killer birds?  Alfred abbott alfred basil gargoyle league society dick lillian zeus.  Aquaman spoiler ragman bruce smoke calendar montoya atomic green creeper.  Master ivy ra abdullah katana lucius clench two cluemaster martha.  Harvey blink drake bennett barbara batgirl jim snake ivy firebug.  Bullock vicki cypher pennyworth joker zatanna prey strange lucius ra.  Abdullah batman moth zucco mugsy poison phantom clayface dick penguin?  Helena damian grayson firebug al gargoyle superman ventriloquist hush spectre. 
MA412032-M,Tek Shorts XR,930,1,Mares,default.jpg,,,Wetsuit,,Medium,Black,Latest,info,info_for_mask,First Amazing Info ,  Maxie master batman alfred edward doom catwoman elongated maroni gleeson.  Chimera ghul aiko collector diamond ghul zatanna aiko penguin faith.  Crane azrael grayson damian ra zatanna moth drake green alfred?  Boomerang atom beetle copperhead riddler batarang zeus league katana society.  Robin abdullah young penguin falcone jason chill batcave hush copperhead.  Harlequin cypher chase cain aiko firebug rumor atom caird supergirl.  Of metallo aquaman society fox shade wing young amanda lex.  Penguin harley thomas owl croc jason czonk bullock fright batgirl.  ,info_for_white_mask,The best Second Info,Fusce fringilla lacinia tincidunt. Integer id varius leo. Donec sollicitudin a ante at molestie. Nunc faucibus elementum leo vitae scelerisque. In dictum libero non posuere blandit sapien ipsum consequat libero eget rutrum enim lorem ac dolor. Pellentesque ullamcorper eget dui eu cursus. Donec rhoncus nulla velit. Nullam id tincidunt purus ut molestie ex. Fusce tempus elit blandit urna tempor eu pharetra orci placerat. Nullam et felis sit amet justo volutpat porta non vel mauris. Sed vitae magna sit amet ante mollis malesuada quis id nisl. Nulla dignissim ex hendrerit volutpat pellentesque turpis est faucibus nisl vel mattis dui lorem ac dui. Suspendisse sed ante fringilla lobortis neque vel dictum purus. Aliquam non ligula neque. ,info_blue_wetsuit,Wow Three Info,  Zatanna joe shrike drake gearhead carmine gearhead knight ghul grayson!  Mister gleeson carmine crane sinestro scarecrow harlequin maxie wing diamond.  Oracle atkins batman batgirl ivy batarang carmine chimera killer birds?  Alfred abbott alfred basil gargoyle league society dick lillian zeus.  Aquaman spoiler ragman bruce smoke calendar montoya atomic green creeper.  Master ivy ra abdullah katana lucius clench two cluemaster martha.  Harvey blink drake bennett barbara batgirl jim snake ivy firebug.  Bullock vicki cypher pennyworth joker zatanna prey strange lucius ra.  Abdullah batman moth zucco mugsy poison phantom clayface dick penguin?  Helena damian grayson firebug al gargoyle superman ventriloquist hush spectre. 
MA415576,Cruise  Bag Mesh,230,1,Mares,default.jpg,,,Bags,203,,Black,Latest,info,info_for_mask,First Amazing Info ,  Maxie master batman alfred edward doom catwoman elongated maroni gleeson.  Chimera ghul aiko collector diamond ghul zatanna aiko penguin faith.  Crane azrael grayson damian ra zatanna moth drake green alfred?  Boomerang atom beetle copperhead riddler batarang zeus league katana society.  Robin abdullah young penguin falcone jason chill batcave hush copperhead.  Harlequin cypher chase cain aiko firebug rumor atom caird supergirl.  Of metallo aquaman society fox shade wing young amanda lex.  Penguin harley thomas owl croc jason czonk bullock fright batgirl.  ,info_for_white_mask,The best Second Info,Fusce fringilla lacinia tincidunt. Integer id varius leo. Donec sollicitudin a ante at molestie. Nunc faucibus elementum leo vitae scelerisque. In dictum libero non posuere blandit sapien ipsum consequat libero eget rutrum enim lorem ac dolor. Pellentesque ullamcorper eget dui eu cursus. Donec rhoncus nulla velit. Nullam id tincidunt purus ut molestie ex. Fusce tempus elit blandit urna tempor eu pharetra orci placerat. Nullam et felis sit amet justo volutpat porta non vel mauris. Sed vitae magna sit amet ante mollis malesuada quis id nisl. Nulla dignissim ex hendrerit volutpat pellentesque turpis est faucibus nisl vel mattis dui lorem ac dui. Suspendisse sed ante fringilla lobortis neque vel dictum purus. Aliquam non ligula neque. ,info_blue_wetsuit,Wow Three Info,  Zatanna joe shrike drake gearhead carmine gearhead knight ghul grayson!  Mister gleeson carmine crane sinestro scarecrow harlequin maxie wing diamond.  Oracle atkins batman batgirl ivy batarang carmine chimera killer birds?  Alfred abbott alfred basil gargoyle league society dick lillian zeus.  Aquaman spoiler ragman bruce smoke calendar montoya atomic green creeper.  Master ivy ra abdullah katana lucius clench two cluemaster martha.  Harvey blink drake bennett barbara batgirl jim snake ivy firebug.  Bullock vicki cypher pennyworth joker zatanna prey strange lucius ra.  Abdullah batman moth zucco mugsy poison phantom clayface dick penguin?  Helena damian grayson firebug al gargoyle superman ventriloquist hush spectre. 
MA415541,Cruise bagpack pro,950,0,Mares,default.jpg,,,Bags,400,Big ,Black,Latest,info,info_for_mask,First Amazing Info ,  Maxie master batman alfred edward doom catwoman elongated maroni gleeson.  Chimera ghul aiko collector diamond ghul zatanna aiko penguin faith.  Crane azrael grayson damian ra zatanna moth drake green alfred?  Boomerang atom beetle copperhead riddler batarang zeus league katana society.  Robin abdullah young penguin falcone jason chill batcave hush copperhead.  Harlequin cypher chase cain aiko firebug rumor atom caird supergirl.  Of metallo aquaman society fox shade wing young amanda lex.  Penguin harley thomas owl croc jason czonk bullock fright batgirl.  ,info_for_white_mask,The best Second Info,Fusce fringilla lacinia tincidunt. Integer id varius leo. Donec sollicitudin a ante at molestie. Nunc faucibus elementum leo vitae scelerisque. In dictum libero non posuere blandit sapien ipsum consequat libero eget rutrum enim lorem ac dolor. Pellentesque ullamcorper eget dui eu cursus. Donec rhoncus nulla velit. Nullam id tincidunt purus ut molestie ex. Fusce tempus elit blandit urna tempor eu pharetra orci placerat. Nullam et felis sit amet justo volutpat porta non vel mauris. Sed vitae magna sit amet ante mollis malesuada quis id nisl. Nulla dignissim ex hendrerit volutpat pellentesque turpis est faucibus nisl vel mattis dui lorem ac dui. Suspendisse sed ante fringilla lobortis neque vel dictum purus. Aliquam non ligula neque. ,info_blue_wetsuit,Wow Three Info,  Zatanna joe shrike drake gearhead carmine gearhead knight ghul grayson!  Mister gleeson carmine crane sinestro scarecrow harlequin maxie wing diamond.  Oracle atkins batman batgirl ivy batarang carmine chimera killer birds?  Alfred abbott alfred basil gargoyle league society dick lillian zeus.  Aquaman spoiler ragman bruce smoke calendar montoya atomic green creeper.  Master ivy ra abdullah katana lucius clench two cluemaster martha.  Harvey blink drake bennett barbara batgirl jim snake ivy firebug.  Bullock vicki cypher pennyworth joker zatanna prey strange lucius ra.  Abdullah batman moth zucco mugsy poison phantom clayface dick penguin?  Helena damian grayson firebug al gargoyle superman ventriloquist hush spectre. 
MA415543,Cruise X strap,365,1,Mares,default.jpg,,,Bags,223,Medium,Black,Latest,info,info_for_mask,First Amazing Info ,  Maxie master batman alfred edward doom catwoman elongated maroni gleeson.  Chimera ghul aiko collector diamond ghul zatanna aiko penguin faith.  Crane azrael grayson damian ra zatanna moth drake green alfred?  Boomerang atom beetle copperhead riddler batarang zeus league katana society.  Robin abdullah young penguin falcone jason chill batcave hush copperhead.  Harlequin cypher chase cain aiko firebug rumor atom caird supergirl.  Of metallo aquaman society fox shade wing young amanda lex.  Penguin harley thomas owl croc jason czonk bullock fright batgirl.  ,info_for_white_mask,The best Second Info,Fusce fringilla lacinia tincidunt. Integer id varius leo. Donec sollicitudin a ante at molestie. Nunc faucibus elementum leo vitae scelerisque. In dictum libero non posuere blandit sapien ipsum consequat libero eget rutrum enim lorem ac dolor. Pellentesque ullamcorper eget dui eu cursus. Donec rhoncus nulla velit. Nullam id tincidunt purus ut molestie ex. Fusce tempus elit blandit urna tempor eu pharetra orci placerat. Nullam et felis sit amet justo volutpat porta non vel mauris. Sed vitae magna sit amet ante mollis malesuada quis id nisl. Nulla dignissim ex hendrerit volutpat pellentesque turpis est faucibus nisl vel mattis dui lorem ac dui. Suspendisse sed ante fringilla lobortis neque vel dictum purus. Aliquam non ligula neque. ,info_blue_wetsuit,Wow Three Info,  Zatanna joe shrike drake gearhead carmine gearhead knight ghul grayson!  Mister gleeson carmine crane sinestro scarecrow harlequin maxie wing diamond.  Oracle atkins batman batgirl ivy batarang carmine chimera killer birds?  Alfred abbott alfred basil gargoyle league society dick lillian zeus.  Aquaman spoiler ragman bruce smoke calendar montoya atomic green creeper.  Master ivy ra abdullah katana lucius clench two cluemaster martha.  Harvey blink drake bennett barbara batgirl jim snake ivy firebug.  Bullock vicki cypher pennyworth joker zatanna prey strange lucius ra.  Abdullah batman moth zucco mugsy poison phantom clayface dick penguin?  Helena damian grayson firebug al gargoyle superman ventriloquist hush spectre. 
MA415723,Plastic Dry box,175,1,Mares,default.jpg,,,Bags,,Medium,Black,Latest,info,info_for_mask,First Amazing Info ,  Maxie master batman alfred edward doom catwoman elongated maroni gleeson.  Chimera ghul aiko collector diamond ghul zatanna aiko penguin faith.  Crane azrael grayson damian ra zatanna moth drake green alfred?  Boomerang atom beetle copperhead riddler batarang zeus league katana society.  Robin abdullah young penguin falcone jason chill batcave hush copperhead.  Harlequin cypher chase cain aiko firebug rumor atom caird supergirl.  Of metallo aquaman society fox shade wing young amanda lex.  Penguin harley thomas owl croc jason czonk bullock fright batgirl.  ,info_for_white_mask,The best Second Info,Fusce fringilla lacinia tincidunt. Integer id varius leo. Donec sollicitudin a ante at molestie. Nunc faucibus elementum leo vitae scelerisque. In dictum libero non posuere blandit sapien ipsum consequat libero eget rutrum enim lorem ac dolor. Pellentesque ullamcorper eget dui eu cursus. Donec rhoncus nulla velit. Nullam id tincidunt purus ut molestie ex. Fusce tempus elit blandit urna tempor eu pharetra orci placerat. Nullam et felis sit amet justo volutpat porta non vel mauris. Sed vitae magna sit amet ante mollis malesuada quis id nisl. Nulla dignissim ex hendrerit volutpat pellentesque turpis est faucibus nisl vel mattis dui lorem ac dui. Suspendisse sed ante fringilla lobortis neque vel dictum purus. Aliquam non ligula neque. ,info_blue_wetsuit,Wow Three Info,  Zatanna joe shrike drake gearhead carmine gearhead knight ghul grayson!  Mister gleeson carmine crane sinestro scarecrow harlequin maxie wing diamond.  Oracle atkins batman batgirl ivy batarang carmine chimera killer birds?  Alfred abbott alfred basil gargoyle league society dick lillian zeus.  Aquaman spoiler ragman bruce smoke calendar montoya atomic green creeper.  Master ivy ra abdullah katana lucius clench two cluemaster martha.  Harvey blink drake bennett barbara batgirl jim snake ivy firebug.  Bullock vicki cypher pennyworth joker zatanna prey strange lucius ra.  Abdullah batman moth zucco mugsy poison phantom clayface dick penguin?  Helena damian grayson firebug al gargoyle superman ventriloquist hush spectre. 
MA415727,Plastic egg personal dry box,35,2,Mares,default.jpg,,,Bags,,Small,Black,Latest,info,info_for_mask,First Amazing Info ,  Maxie master batman alfred edward doom catwoman elongated maroni gleeson.  Chimera ghul aiko collector diamond ghul zatanna aiko penguin faith.  Crane azrael grayson damian ra zatanna moth drake green alfred?  Boomerang atom beetle copperhead riddler batarang zeus league katana society.  Robin abdullah young penguin falcone jason chill batcave hush copperhead.  Harlequin cypher chase cain aiko firebug rumor atom caird supergirl.  Of metallo aquaman society fox shade wing young amanda lex.  Penguin harley thomas owl croc jason czonk bullock fright batgirl.  ,info_for_white_mask,The best Second Info,Fusce fringilla lacinia tincidunt. Integer id varius leo. Donec sollicitudin a ante at molestie. Nunc faucibus elementum leo vitae scelerisque. In dictum libero non posuere blandit sapien ipsum consequat libero eget rutrum enim lorem ac dolor. Pellentesque ullamcorper eget dui eu cursus. Donec rhoncus nulla velit. Nullam id tincidunt purus ut molestie ex. Fusce tempus elit blandit urna tempor eu pharetra orci placerat. Nullam et felis sit amet justo volutpat porta non vel mauris. Sed vitae magna sit amet ante mollis malesuada quis id nisl. Nulla dignissim ex hendrerit volutpat pellentesque turpis est faucibus nisl vel mattis dui lorem ac dui. Suspendisse sed ante fringilla lobortis neque vel dictum purus. Aliquam non ligula neque. ,info_blue_wetsuit,Wow Three Info,  Zatanna joe shrike drake gearhead carmine gearhead knight ghul grayson!  Mister gleeson carmine crane sinestro scarecrow harlequin maxie wing diamond.  Oracle atkins batman batgirl ivy batarang carmine chimera killer birds?  Alfred abbott alfred basil gargoyle league society dick lillian zeus.  Aquaman spoiler ragman bruce smoke calendar montoya atomic green creeper.  Master ivy ra abdullah katana lucius clench two cluemaster martha.  Harvey blink drake bennett barbara batgirl jim snake ivy firebug.  Bullock vicki cypher pennyworth joker zatanna prey strange lucius ra.  Abdullah batman moth zucco mugsy poison phantom clayface dick penguin?  Helena damian grayson firebug al gargoyle superman ventriloquist hush spectre. 
MA415453-CL/BL,T 35 ,155,2,Mares,default.jpg,,,Bags,,,Black,Latest,info,info_for_mask,First Amazing Info ,  Maxie master batman alfred edward doom catwoman elongated maroni gleeson.  Chimera ghul aiko collector diamond ghul zatanna aiko penguin faith.  Crane azrael grayson damian ra zatanna moth drake green alfred?  Boomerang atom beetle copperhead riddler batarang zeus league katana society.  Robin abdullah young penguin falcone jason chill batcave hush copperhead.  Harlequin cypher chase cain aiko firebug rumor atom caird supergirl.  Of metallo aquaman society fox shade wing young amanda lex.  Penguin harley thomas owl croc jason czonk bullock fright batgirl.  ,info_for_white_mask,The best Second Info,Fusce fringilla lacinia tincidunt. Integer id varius leo. Donec sollicitudin a ante at molestie. Nunc faucibus elementum leo vitae scelerisque. In dictum libero non posuere blandit sapien ipsum consequat libero eget rutrum enim lorem ac dolor. Pellentesque ullamcorper eget dui eu cursus. Donec rhoncus nulla velit. Nullam id tincidunt purus ut molestie ex. Fusce tempus elit blandit urna tempor eu pharetra orci placerat. Nullam et felis sit amet justo volutpat porta non vel mauris. Sed vitae magna sit amet ante mollis malesuada quis id nisl. Nulla dignissim ex hendrerit volutpat pellentesque turpis est faucibus nisl vel mattis dui lorem ac dui. Suspendisse sed ante fringilla lobortis neque vel dictum purus. Aliquam non ligula neque. ,info_blue_wetsuit,Wow Three Info,  Zatanna joe shrike drake gearhead carmine gearhead knight ghul grayson!  Mister gleeson carmine crane sinestro scarecrow harlequin maxie wing diamond.  Oracle atkins batman batgirl ivy batarang carmine chimera killer birds?  Alfred abbott alfred basil gargoyle league society dick lillian zeus.  Aquaman spoiler ragman bruce smoke calendar montoya atomic green creeper.  Master ivy ra abdullah katana lucius clench two cluemaster martha.  Harvey blink drake bennett barbara batgirl jim snake ivy firebug.  Bullock vicki cypher pennyworth joker zatanna prey strange lucius ra.  Abdullah batman moth zucco mugsy poison phantom clayface dick penguin?  Helena damian grayson firebug al gargoyle superman ventriloquist hush spectre. 
MA415452-SI,T 35,145,2,Mares,default.jpg,,,Bags,,,Black,Latest,info,info_for_mask,First Amazing Info ,  Maxie master batman alfred edward doom catwoman elongated maroni gleeson.  Chimera ghul aiko collector diamond ghul zatanna aiko penguin faith.  Crane azrael grayson damian ra zatanna moth drake green alfred?  Boomerang atom beetle copperhead riddler batarang zeus league katana society.  Robin abdullah young penguin falcone jason chill batcave hush copperhead.  Harlequin cypher chase cain aiko firebug rumor atom caird supergirl.  Of metallo aquaman society fox shade wing young amanda lex.  Penguin harley thomas owl croc jason czonk bullock fright batgirl.  ,info_for_white_mask,The best Second Info,Fusce fringilla lacinia tincidunt. Integer id varius leo. Donec sollicitudin a ante at molestie. Nunc faucibus elementum leo vitae scelerisque. In dictum libero non posuere blandit sapien ipsum consequat libero eget rutrum enim lorem ac dolor. Pellentesque ullamcorper eget dui eu cursus. Donec rhoncus nulla velit. Nullam id tincidunt purus ut molestie ex. Fusce tempus elit blandit urna tempor eu pharetra orci placerat. Nullam et felis sit amet justo volutpat porta non vel mauris. Sed vitae magna sit amet ante mollis malesuada quis id nisl. Nulla dignissim ex hendrerit volutpat pellentesque turpis est faucibus nisl vel mattis dui lorem ac dui. Suspendisse sed ante fringilla lobortis neque vel dictum purus. Aliquam non ligula neque. ,info_blue_wetsuit,Wow Three Info,  Zatanna joe shrike drake gearhead carmine gearhead knight ghul grayson!  Mister gleeson carmine crane sinestro scarecrow harlequin maxie wing diamond.  Oracle atkins batman batgirl ivy batarang carmine chimera killer birds?  Alfred abbott alfred basil gargoyle league society dick lillian zeus.  Aquaman spoiler ragman bruce smoke calendar montoya atomic green creeper.  Master ivy ra abdullah katana lucius clench two cluemaster martha.  Harvey blink drake bennett barbara batgirl jim snake ivy firebug.  Bullock vicki cypher pennyworth joker zatanna prey strange lucius ra.  Abdullah batman moth zucco mugsy poison phantom clayface dick penguin?  Helena damian grayson firebug al gargoyle superman ventriloquist hush spectre. 
MA415461,T light 25,100,2,Mares,default.jpg,,,Bags,,,Black,Latest,info,info_for_mask,First Amazing Info ,  Maxie master batman alfred edward doom catwoman elongated maroni gleeson.  Chimera ghul aiko collector diamond ghul zatanna aiko penguin faith.  Crane azrael grayson damian ra zatanna moth drake green alfred?  Boomerang atom beetle copperhead riddler batarang zeus league katana society.  Robin abdullah young penguin falcone jason chill batcave hush copperhead.  Harlequin cypher chase cain aiko firebug rumor atom caird supergirl.  Of metallo aquaman society fox shade wing young amanda lex.  Penguin harley thomas owl croc jason czonk bullock fright batgirl.  ,info_for_white_mask,The best Second Info,Fusce fringilla lacinia tincidunt. Integer id varius leo. Donec sollicitudin a ante at molestie. Nunc faucibus elementum leo vitae scelerisque. In dictum libero non posuere blandit sapien ipsum consequat libero eget rutrum enim lorem ac dolor. Pellentesque ullamcorper eget dui eu cursus. Donec rhoncus nulla velit. Nullam id tincidunt purus ut molestie ex. Fusce tempus elit blandit urna tempor eu pharetra orci placerat. Nullam et felis sit amet justo volutpat porta non vel mauris. Sed vitae magna sit amet ante mollis malesuada quis id nisl. Nulla dignissim ex hendrerit volutpat pellentesque turpis est faucibus nisl vel mattis dui lorem ac dui. Suspendisse sed ante fringilla lobortis neque vel dictum purus. Aliquam non ligula neque. ,info_blue_wetsuit,Wow Three Info,  Zatanna joe shrike drake gearhead carmine gearhead knight ghul grayson!  Mister gleeson carmine crane sinestro scarecrow harlequin maxie wing diamond.  Oracle atkins batman batgirl ivy batarang carmine chimera killer birds?  Alfred abbott alfred basil gargoyle league society dick lillian zeus.  Aquaman spoiler ragman bruce smoke calendar montoya atomic green creeper.  Master ivy ra abdullah katana lucius clench two cluemaster martha.  Harvey blink drake bennett barbara batgirl jim snake ivy firebug.  Bullock vicki cypher pennyworth joker zatanna prey strange lucius ra.  Abdullah batman moth zucco mugsy poison phantom clayface dick penguin?  Helena damian grayson firebug al gargoyle superman ventriloquist hush spectre. 
MA415462,T light 10,70,2,Mares,default.jpg,,,Bags,,,Grey,Latest,info,info_for_mask,First Amazing Info ,  Maxie master batman alfred edward doom catwoman elongated maroni gleeson.  Chimera ghul aiko collector diamond ghul zatanna aiko penguin faith.  Crane azrael grayson damian ra zatanna moth drake green alfred?  Boomerang atom beetle copperhead riddler batarang zeus league katana society.  Robin abdullah young penguin falcone jason chill batcave hush copperhead.  Harlequin cypher chase cain aiko firebug rumor atom caird supergirl.  Of metallo aquaman society fox shade wing young amanda lex.  Penguin harley thomas owl croc jason czonk bullock fright batgirl.  ,info_for_white_mask,The best Second Info,Fusce fringilla lacinia tincidunt. Integer id varius leo. Donec sollicitudin a ante at molestie. Nunc faucibus elementum leo vitae scelerisque. In dictum libero non posuere blandit sapien ipsum consequat libero eget rutrum enim lorem ac dolor. Pellentesque ullamcorper eget dui eu cursus. Donec rhoncus nulla velit. Nullam id tincidunt purus ut molestie ex. Fusce tempus elit blandit urna tempor eu pharetra orci placerat. Nullam et felis sit amet justo volutpat porta non vel mauris. Sed vitae magna sit amet ante mollis malesuada quis id nisl. Nulla dignissim ex hendrerit volutpat pellentesque turpis est faucibus nisl vel mattis dui lorem ac dui. Suspendisse sed ante fringilla lobortis neque vel dictum purus. Aliquam non ligula neque. ,info_blue_wetsuit,Wow Three Info,  Zatanna joe shrike drake gearhead carmine gearhead knight ghul grayson!  Mister gleeson carmine crane sinestro scarecrow harlequin maxie wing diamond.  Oracle atkins batman batgirl ivy batarang carmine chimera killer birds?  Alfred abbott alfred basil gargoyle league society dick lillian zeus.  Aquaman spoiler ragman bruce smoke calendar montoya atomic green creeper.  Master ivy ra abdullah katana lucius clench two cluemaster martha.  Harvey blink drake bennett barbara batgirl jim snake ivy firebug.  Bullock vicki cypher pennyworth joker zatanna prey strange lucius ra.  Abdullah batman moth zucco mugsy poison phantom clayface dick penguin?  Helena damian grayson firebug al gargoyle superman ventriloquist hush spectre. 
MA415463,T light 5,65,5,Mares,default.jpg,,,Bags,,,Grey,Best Seller,primary,info_for_mask,First Amazing Info ,  Maxie master batman alfred edward doom catwoman elongated maroni gleeson.  Chimera ghul aiko collector diamond ghul zatanna aiko penguin faith.  Crane azrael grayson damian ra zatanna moth drake green alfred?  Boomerang atom beetle copperhead riddler batarang zeus league katana society.  Robin abdullah young penguin falcone jason chill batcave hush copperhead.  Harlequin cypher chase cain aiko firebug rumor atom caird supergirl.  Of metallo aquaman society fox shade wing young amanda lex.  Penguin harley thomas owl croc jason czonk bullock fright batgirl.  ,info_for_white_mask,The best Second Info,Fusce fringilla lacinia tincidunt. Integer id varius leo. Donec sollicitudin a ante at molestie. Nunc faucibus elementum leo vitae scelerisque. In dictum libero non posuere blandit sapien ipsum consequat libero eget rutrum enim lorem ac dolor. Pellentesque ullamcorper eget dui eu cursus. Donec rhoncus nulla velit. Nullam id tincidunt purus ut molestie ex. Fusce tempus elit blandit urna tempor eu pharetra orci placerat. Nullam et felis sit amet justo volutpat porta non vel mauris. Sed vitae magna sit amet ante mollis malesuada quis id nisl. Nulla dignissim ex hendrerit volutpat pellentesque turpis est faucibus nisl vel mattis dui lorem ac dui. Suspendisse sed ante fringilla lobortis neque vel dictum purus. Aliquam non ligula neque. ,info_blue_wetsuit,Wow Three Info,  Zatanna joe shrike drake gearhead carmine gearhead knight ghul grayson!  Mister gleeson carmine crane sinestro scarecrow harlequin maxie wing diamond.  Oracle atkins batman batgirl ivy batarang carmine chimera killer birds?  Alfred abbott alfred basil gargoyle league society dick lillian zeus.  Aquaman spoiler ragman bruce smoke calendar montoya atomic green creeper.  Master ivy ra abdullah katana lucius clench two cluemaster martha.  Harvey blink drake bennett barbara batgirl jim snake ivy firebug.  Bullock vicki cypher pennyworth joker zatanna prey strange lucius ra.  Abdullah batman moth zucco mugsy poison phantom clayface dick penguin?  Helena damian grayson firebug al gargoyle superman ventriloquist hush spectre. 
MA415533,Dry bag 5L,55,0,Mares,default.jpg,,,Bags,,,Grey,Best Seller,primary,info_for_mask,First Amazing Info ,  Maxie master batman alfred edward doom catwoman elongated maroni gleeson.  Chimera ghul aiko collector diamond ghul zatanna aiko penguin faith.  Crane azrael grayson damian ra zatanna moth drake green alfred?  Boomerang atom beetle copperhead riddler batarang zeus league katana society.  Robin abdullah young penguin falcone jason chill batcave hush copperhead.  Harlequin cypher chase cain aiko firebug rumor atom caird supergirl.  Of metallo aquaman society fox shade wing young amanda lex.  Penguin harley thomas owl croc jason czonk bullock fright batgirl.  ,info_for_white_mask,The best Second Info,Fusce fringilla lacinia tincidunt. Integer id varius leo. Donec sollicitudin a ante at molestie. Nunc faucibus elementum leo vitae scelerisque. In dictum libero non posuere blandit sapien ipsum consequat libero eget rutrum enim lorem ac dolor. Pellentesque ullamcorper eget dui eu cursus. Donec rhoncus nulla velit. Nullam id tincidunt purus ut molestie ex. Fusce tempus elit blandit urna tempor eu pharetra orci placerat. Nullam et felis sit amet justo volutpat porta non vel mauris. Sed vitae magna sit amet ante mollis malesuada quis id nisl. Nulla dignissim ex hendrerit volutpat pellentesque turpis est faucibus nisl vel mattis dui lorem ac dui. Suspendisse sed ante fringilla lobortis neque vel dictum purus. Aliquam non ligula neque. ,info_blue_wetsuit,Wow Three Info,  Zatanna joe shrike drake gearhead carmine gearhead knight ghul grayson!  Mister gleeson carmine crane sinestro scarecrow harlequin maxie wing diamond.  Oracle atkins batman batgirl ivy batarang carmine chimera killer birds?  Alfred abbott alfred basil gargoyle league society dick lillian zeus.  Aquaman spoiler ragman bruce smoke calendar montoya atomic green creeper.  Master ivy ra abdullah katana lucius clench two cluemaster martha.  Harvey blink drake bennett barbara batgirl jim snake ivy firebug.  Bullock vicki cypher pennyworth joker zatanna prey strange lucius ra.  Abdullah batman moth zucco mugsy poison phantom clayface dick penguin?  Helena damian grayson firebug al gargoyle superman ventriloquist hush spectre. 
MA415460,Dry BP75 ulta light bagpack,355,1,Mares,default.jpg,,,Bags,280,,Grey,Best Seller,primary,info_for_mask,First Amazing Info ,  Maxie master batman alfred edward doom catwoman elongated maroni gleeson.  Chimera ghul aiko collector diamond ghul zatanna aiko penguin faith.  Crane azrael grayson damian ra zatanna moth drake green alfred?  Boomerang atom beetle copperhead riddler batarang zeus league katana society.  Robin abdullah young penguin falcone jason chill batcave hush copperhead.  Harlequin cypher chase cain aiko firebug rumor atom caird supergirl.  Of metallo aquaman society fox shade wing young amanda lex.  Penguin harley thomas owl croc jason czonk bullock fright batgirl.  ,info_for_white_mask,The best Second Info,Fusce fringilla lacinia tincidunt. Integer id varius leo. Donec sollicitudin a ante at molestie. Nunc faucibus elementum leo vitae scelerisque. In dictum libero non posuere blandit sapien ipsum consequat libero eget rutrum enim lorem ac dolor. Pellentesque ullamcorper eget dui eu cursus. Donec rhoncus nulla velit. Nullam id tincidunt purus ut molestie ex. Fusce tempus elit blandit urna tempor eu pharetra orci placerat. Nullam et felis sit amet justo volutpat porta non vel mauris. Sed vitae magna sit amet ante mollis malesuada quis id nisl. Nulla dignissim ex hendrerit volutpat pellentesque turpis est faucibus nisl vel mattis dui lorem ac dui. Suspendisse sed ante fringilla lobortis neque vel dictum purus. Aliquam non ligula neque. ,info_blue_wetsuit,Wow Three Info,  Zatanna joe shrike drake gearhead carmine gearhead knight ghul grayson!  Mister gleeson carmine crane sinestro scarecrow harlequin maxie wing diamond.  Oracle atkins batman batgirl ivy batarang carmine chimera killer birds?  Alfred abbott alfred basil gargoyle league society dick lillian zeus.  Aquaman spoiler ragman bruce smoke calendar montoya atomic green creeper.  Master ivy ra abdullah katana lucius clench two cluemaster martha.  Harvey blink drake bennett barbara batgirl jim snake ivy firebug.  Bullock vicki cypher pennyworth joker zatanna prey strange lucius ra.  Abdullah batman moth zucco mugsy poison phantom clayface dick penguin?  Helena damian grayson firebug al gargoyle superman ventriloquist hush spectre. 
MA415451-BK/WH,Dry D55 shoulder strap,440,1,Mares,default.jpg,,,Bags,,,Grey,Best Seller,primary,info_for_mask,First Amazing Info ,  Maxie master batman alfred edward doom catwoman elongated maroni gleeson.  Chimera ghul aiko collector diamond ghul zatanna aiko penguin faith.  Crane azrael grayson damian ra zatanna moth drake green alfred?  Boomerang atom beetle copperhead riddler batarang zeus league katana society.  Robin abdullah young penguin falcone jason chill batcave hush copperhead.  Harlequin cypher chase cain aiko firebug rumor atom caird supergirl.  Of metallo aquaman society fox shade wing young amanda lex.  Penguin harley thomas owl croc jason czonk bullock fright batgirl.  ,info_for_white_mask,The best Second Info,Fusce fringilla lacinia tincidunt. Integer id varius leo. Donec sollicitudin a ante at molestie. Nunc faucibus elementum leo vitae scelerisque. In dictum libero non posuere blandit sapien ipsum consequat libero eget rutrum enim lorem ac dolor. Pellentesque ullamcorper eget dui eu cursus. Donec rhoncus nulla velit. Nullam id tincidunt purus ut molestie ex. Fusce tempus elit blandit urna tempor eu pharetra orci placerat. Nullam et felis sit amet justo volutpat porta non vel mauris. Sed vitae magna sit amet ante mollis malesuada quis id nisl. Nulla dignissim ex hendrerit volutpat pellentesque turpis est faucibus nisl vel mattis dui lorem ac dui. Suspendisse sed ante fringilla lobortis neque vel dictum purus. Aliquam non ligula neque. ,info_blue_wetsuit,Wow Three Info,  Zatanna joe shrike drake gearhead carmine gearhead knight ghul grayson!  Mister gleeson carmine crane sinestro scarecrow harlequin maxie wing diamond.  Oracle atkins batman batgirl ivy batarang carmine chimera killer birds?  Alfred abbott alfred basil gargoyle league society dick lillian zeus.  Aquaman spoiler ragman bruce smoke calendar montoya atomic green creeper.  Master ivy ra abdullah katana lucius clench two cluemaster martha.  Harvey blink drake bennett barbara batgirl jim snake ivy firebug.  Bullock vicki cypher pennyworth joker zatanna prey strange lucius ra.  Abdullah batman moth zucco mugsy poison phantom clayface dick penguin?  Helena damian grayson firebug al gargoyle superman ventriloquist hush spectre. 
MA412970-S,Thermo guard  L-sleeve 0.5,275,1,Mares,default.jpg,,,Rashguard,150,Small,Grey,Best Seller,primary,info_for_mask,First Amazing Info ,  Maxie master batman alfred edward doom catwoman elongated maroni gleeson.  Chimera ghul aiko collector diamond ghul zatanna aiko penguin faith.  Crane azrael grayson damian ra zatanna moth drake green alfred?  Boomerang atom beetle copperhead riddler batarang zeus league katana society.  Robin abdullah young penguin falcone jason chill batcave hush copperhead.  Harlequin cypher chase cain aiko firebug rumor atom caird supergirl.  Of metallo aquaman society fox shade wing young amanda lex.  Penguin harley thomas owl croc jason czonk bullock fright batgirl.  ,info_for_white_mask,The best Second Info,Fusce fringilla lacinia tincidunt. Integer id varius leo. Donec sollicitudin a ante at molestie. Nunc faucibus elementum leo vitae scelerisque. In dictum libero non posuere blandit sapien ipsum consequat libero eget rutrum enim lorem ac dolor. Pellentesque ullamcorper eget dui eu cursus. Donec rhoncus nulla velit. Nullam id tincidunt purus ut molestie ex. Fusce tempus elit blandit urna tempor eu pharetra orci placerat. Nullam et felis sit amet justo volutpat porta non vel mauris. Sed vitae magna sit amet ante mollis malesuada quis id nisl. Nulla dignissim ex hendrerit volutpat pellentesque turpis est faucibus nisl vel mattis dui lorem ac dui. Suspendisse sed ante fringilla lobortis neque vel dictum purus. Aliquam non ligula neque. ,info_blue_wetsuit,Wow Three Info,  Zatanna joe shrike drake gearhead carmine gearhead knight ghul grayson!  Mister gleeson carmine crane sinestro scarecrow harlequin maxie wing diamond.  Oracle atkins batman batgirl ivy batarang carmine chimera killer birds?  Alfred abbott alfred basil gargoyle league society dick lillian zeus.  Aquaman spoiler ragman bruce smoke calendar montoya atomic green creeper.  Master ivy ra abdullah katana lucius clench two cluemaster martha.  Harvey blink drake bennett barbara batgirl jim snake ivy firebug.  Bullock vicki cypher pennyworth joker zatanna prey strange lucius ra.  Abdullah batman moth zucco mugsy poison phantom clayface dick penguin?  Helena damian grayson firebug al gargoyle superman ventriloquist hush spectre. 
MA412972-L,Trilastic Long sleeve light,125,0,Mares,default.jpg,,,Rashguard,110,Large,Grey,Best Seller,primary,info_for_mask,First Amazing Info ,  Maxie master batman alfred edward doom catwoman elongated maroni gleeson.  Chimera ghul aiko collector diamond ghul zatanna aiko penguin faith.  Crane azrael grayson damian ra zatanna moth drake green alfred?  Boomerang atom beetle copperhead riddler batarang zeus league katana society.  Robin abdullah young penguin falcone jason chill batcave hush copperhead.  Harlequin cypher chase cain aiko firebug rumor atom caird supergirl.  Of metallo aquaman society fox shade wing young amanda lex.  Penguin harley thomas owl croc jason czonk bullock fright batgirl.  ,info_for_white_mask,The best Second Info,Fusce fringilla lacinia tincidunt. Integer id varius leo. Donec sollicitudin a ante at molestie. Nunc faucibus elementum leo vitae scelerisque. In dictum libero non posuere blandit sapien ipsum consequat libero eget rutrum enim lorem ac dolor. Pellentesque ullamcorper eget dui eu cursus. Donec rhoncus nulla velit. Nullam id tincidunt purus ut molestie ex. Fusce tempus elit blandit urna tempor eu pharetra orci placerat. Nullam et felis sit amet justo volutpat porta non vel mauris. Sed vitae magna sit amet ante mollis malesuada quis id nisl. Nulla dignissim ex hendrerit volutpat pellentesque turpis est faucibus nisl vel mattis dui lorem ac dui. Suspendisse sed ante fringilla lobortis neque vel dictum purus. Aliquam non ligula neque. ,info_blue_wetsuit,Wow Three Info,  Zatanna joe shrike drake gearhead carmine gearhead knight ghul grayson!  Mister gleeson carmine crane sinestro scarecrow harlequin maxie wing diamond.  Oracle atkins batman batgirl ivy batarang carmine chimera killer birds?  Alfred abbott alfred basil gargoyle league society dick lillian zeus.  Aquaman spoiler ragman bruce smoke calendar montoya atomic green creeper.  Master ivy ra abdullah katana lucius clench two cluemaster martha.  Harvey blink drake bennett barbara batgirl jim snake ivy firebug.  Bullock vicki cypher pennyworth joker zatanna prey strange lucius ra.  Abdullah batman moth zucco mugsy poison phantom clayface dick penguin?  Helena damian grayson firebug al gargoyle superman ventriloquist hush spectre. 
MA412974-L,Trilastic Short sleeve light,100,0,Mares,default.jpg,,,Rashguard,,Large,Grey,Best Seller,primary,info_for_mask,First Amazing Info ,  Maxie master batman alfred edward doom catwoman elongated maroni gleeson.  Chimera ghul aiko collector diamond ghul zatanna aiko penguin faith.  Crane azrael grayson damian ra zatanna moth drake green alfred?  Boomerang atom beetle copperhead riddler batarang zeus league katana society.  Robin abdullah young penguin falcone jason chill batcave hush copperhead.  Harlequin cypher chase cain aiko firebug rumor atom caird supergirl.  Of metallo aquaman society fox shade wing young amanda lex.  Penguin harley thomas owl croc jason czonk bullock fright batgirl.  ,info_for_white_mask,The best Second Info,Fusce fringilla lacinia tincidunt. Integer id varius leo. Donec sollicitudin a ante at molestie. Nunc faucibus elementum leo vitae scelerisque. In dictum libero non posuere blandit sapien ipsum consequat libero eget rutrum enim lorem ac dolor. Pellentesque ullamcorper eget dui eu cursus. Donec rhoncus nulla velit. Nullam id tincidunt purus ut molestie ex. Fusce tempus elit blandit urna tempor eu pharetra orci placerat. Nullam et felis sit amet justo volutpat porta non vel mauris. Sed vitae magna sit amet ante mollis malesuada quis id nisl. Nulla dignissim ex hendrerit volutpat pellentesque turpis est faucibus nisl vel mattis dui lorem ac dui. Suspendisse sed ante fringilla lobortis neque vel dictum purus. Aliquam non ligula neque. ,info_blue_wetsuit,Wow Three Info,  Zatanna joe shrike drake gearhead carmine gearhead knight ghul grayson!  Mister gleeson carmine crane sinestro scarecrow harlequin maxie wing diamond.  Oracle atkins batman batgirl ivy batarang carmine chimera killer birds?  Alfred abbott alfred basil gargoyle league society dick lillian zeus.  Aquaman spoiler ragman bruce smoke calendar montoya atomic green creeper.  Master ivy ra abdullah katana lucius clench two cluemaster martha.  Harvey blink drake bennett barbara batgirl jim snake ivy firebug.  Bullock vicki cypher pennyworth joker zatanna prey strange lucius ra.  Abdullah batman moth zucco mugsy poison phantom clayface dick penguin?  Helena damian grayson firebug al gargoyle superman ventriloquist hush spectre. 
MA412517-S,Thermo guard Shorts 0.5,200,1,Mares,default.jpg,,,Rashguard,,Small,Grey,Best Seller,primary,info_for_mask,First Amazing Info ,  Maxie master batman alfred edward doom catwoman elongated maroni gleeson.  Chimera ghul aiko collector diamond ghul zatanna aiko penguin faith.  Crane azrael grayson damian ra zatanna moth drake green alfred?  Boomerang atom beetle copperhead riddler batarang zeus league katana society.  Robin abdullah young penguin falcone jason chill batcave hush copperhead.  Harlequin cypher chase cain aiko firebug rumor atom caird supergirl.  Of metallo aquaman society fox shade wing young amanda lex.  Penguin harley thomas owl croc jason czonk bullock fright batgirl.  ,info_for_white_mask,The best Second Info,Fusce fringilla lacinia tincidunt. Integer id varius leo. Donec sollicitudin a ante at molestie. Nunc faucibus elementum leo vitae scelerisque. In dictum libero non posuere blandit sapien ipsum consequat libero eget rutrum enim lorem ac dolor. Pellentesque ullamcorper eget dui eu cursus. Donec rhoncus nulla velit. Nullam id tincidunt purus ut molestie ex. Fusce tempus elit blandit urna tempor eu pharetra orci placerat. Nullam et felis sit amet justo volutpat porta non vel mauris. Sed vitae magna sit amet ante mollis malesuada quis id nisl. Nulla dignissim ex hendrerit volutpat pellentesque turpis est faucibus nisl vel mattis dui lorem ac dui. Suspendisse sed ante fringilla lobortis neque vel dictum purus. Aliquam non ligula neque. ,info_blue_wetsuit,Wow Three Info,  Zatanna joe shrike drake gearhead carmine gearhead knight ghul grayson!  Mister gleeson carmine crane sinestro scarecrow harlequin maxie wing diamond.  Oracle atkins batman batgirl ivy batarang carmine chimera killer birds?  Alfred abbott alfred basil gargoyle league society dick lillian zeus.  Aquaman spoiler ragman bruce smoke calendar montoya atomic green creeper.  Master ivy ra abdullah katana lucius clench two cluemaster martha.  Harvey blink drake bennett barbara batgirl jim snake ivy firebug.  Bullock vicki cypher pennyworth joker zatanna prey strange lucius ra.  Abdullah batman moth zucco mugsy poison phantom clayface dick penguin?  Helena damian grayson firebug al gargoyle superman ventriloquist hush spectre. 
MA412966-M,Trilastic Shorts light,95,0,Mares,default.jpg,,,Rashguard,,Medium,Yellow,Sale,warning,info_for_mask,First Amazing Info ,  Maxie master batman alfred edward doom catwoman elongated maroni gleeson.  Chimera ghul aiko collector diamond ghul zatanna aiko penguin faith.  Crane azrael grayson damian ra zatanna moth drake green alfred?  Boomerang atom beetle copperhead riddler batarang zeus league katana society.  Robin abdullah young penguin falcone jason chill batcave hush copperhead.  Harlequin cypher chase cain aiko firebug rumor atom caird supergirl.  Of metallo aquaman society fox shade wing young amanda lex.  Penguin harley thomas owl croc jason czonk bullock fright batgirl.  ,info_for_white_mask,The best Second Info,Fusce fringilla lacinia tincidunt. Integer id varius leo. Donec sollicitudin a ante at molestie. Nunc faucibus elementum leo vitae scelerisque. In dictum libero non posuere blandit sapien ipsum consequat libero eget rutrum enim lorem ac dolor. Pellentesque ullamcorper eget dui eu cursus. Donec rhoncus nulla velit. Nullam id tincidunt purus ut molestie ex. Fusce tempus elit blandit urna tempor eu pharetra orci placerat. Nullam et felis sit amet justo volutpat porta non vel mauris. Sed vitae magna sit amet ante mollis malesuada quis id nisl. Nulla dignissim ex hendrerit volutpat pellentesque turpis est faucibus nisl vel mattis dui lorem ac dui. Suspendisse sed ante fringilla lobortis neque vel dictum purus. Aliquam non ligula neque. ,info_blue_wetsuit,Wow Three Info,  Zatanna joe shrike drake gearhead carmine gearhead knight ghul grayson!  Mister gleeson carmine crane sinestro scarecrow harlequin maxie wing diamond.  Oracle atkins batman batgirl ivy batarang carmine chimera killer birds?  Alfred abbott alfred basil gargoyle league society dick lillian zeus.  Aquaman spoiler ragman bruce smoke calendar montoya atomic green creeper.  Master ivy ra abdullah katana lucius clench two cluemaster martha.  Harvey blink drake bennett barbara batgirl jim snake ivy firebug.  Bullock vicki cypher pennyworth joker zatanna prey strange lucius ra.  Abdullah batman moth zucco mugsy poison phantom clayface dick penguin?  Helena damian grayson firebug al gargoyle superman ventriloquist hush spectre. 
MA410019-JPK-S,X stream,820,1,Mares,default.jpg,,,Fins,705,Small,Yellow,Sale,warning,info_for_mask,First Amazing Info ,  Maxie master batman alfred edward doom catwoman elongated maroni gleeson.  Chimera ghul aiko collector diamond ghul zatanna aiko penguin faith.  Crane azrael grayson damian ra zatanna moth drake green alfred?  Boomerang atom beetle copperhead riddler batarang zeus league katana society.  Robin abdullah young penguin falcone jason chill batcave hush copperhead.  Harlequin cypher chase cain aiko firebug rumor atom caird supergirl.  Of metallo aquaman society fox shade wing young amanda lex.  Penguin harley thomas owl croc jason czonk bullock fright batgirl.  ,info_for_white_mask,The best Second Info,Fusce fringilla lacinia tincidunt. Integer id varius leo. Donec sollicitudin a ante at molestie. Nunc faucibus elementum leo vitae scelerisque. In dictum libero non posuere blandit sapien ipsum consequat libero eget rutrum enim lorem ac dolor. Pellentesque ullamcorper eget dui eu cursus. Donec rhoncus nulla velit. Nullam id tincidunt purus ut molestie ex. Fusce tempus elit blandit urna tempor eu pharetra orci placerat. Nullam et felis sit amet justo volutpat porta non vel mauris. Sed vitae magna sit amet ante mollis malesuada quis id nisl. Nulla dignissim ex hendrerit volutpat pellentesque turpis est faucibus nisl vel mattis dui lorem ac dui. Suspendisse sed ante fringilla lobortis neque vel dictum purus. Aliquam non ligula neque. ,info_blue_wetsuit,Wow Three Info,  Zatanna joe shrike drake gearhead carmine gearhead knight ghul grayson!  Mister gleeson carmine crane sinestro scarecrow harlequin maxie wing diamond.  Oracle atkins batman batgirl ivy batarang carmine chimera killer birds?  Alfred abbott alfred basil gargoyle league society dick lillian zeus.  Aquaman spoiler ragman bruce smoke calendar montoya atomic green creeper.  Master ivy ra abdullah katana lucius clench two cluemaster martha.  Harvey blink drake bennett barbara batgirl jim snake ivy firebug.  Bullock vicki cypher pennyworth joker zatanna prey strange lucius ra.  Abdullah batman moth zucco mugsy poison phantom clayface dick penguin?  Helena damian grayson firebug al gargoyle superman ventriloquist hush spectre. 
MA410003-RBL-XL,Avantiquatro,585,1,Mares,default.jpg,,,Fins,665,X-Large,Yellow,Sale,warning,info_for_mask,First Amazing Info ,  Maxie master batman alfred edward doom catwoman elongated maroni gleeson.  Chimera ghul aiko collector diamond ghul zatanna aiko penguin faith.  Crane azrael grayson damian ra zatanna moth drake green alfred?  Boomerang atom beetle copperhead riddler batarang zeus league katana society.  Robin abdullah young penguin falcone jason chill batcave hush copperhead.  Harlequin cypher chase cain aiko firebug rumor atom caird supergirl.  Of metallo aquaman society fox shade wing young amanda lex.  Penguin harley thomas owl croc jason czonk bullock fright batgirl.  ,info_for_white_mask,The best Second Info,Fusce fringilla lacinia tincidunt. Integer id varius leo. Donec sollicitudin a ante at molestie. Nunc faucibus elementum leo vitae scelerisque. In dictum libero non posuere blandit sapien ipsum consequat libero eget rutrum enim lorem ac dolor. Pellentesque ullamcorper eget dui eu cursus. Donec rhoncus nulla velit. Nullam id tincidunt purus ut molestie ex. Fusce tempus elit blandit urna tempor eu pharetra orci placerat. Nullam et felis sit amet justo volutpat porta non vel mauris. Sed vitae magna sit amet ante mollis malesuada quis id nisl. Nulla dignissim ex hendrerit volutpat pellentesque turpis est faucibus nisl vel mattis dui lorem ac dui. Suspendisse sed ante fringilla lobortis neque vel dictum purus. Aliquam non ligula neque. ,info_blue_wetsuit,Wow Three Info,  Zatanna joe shrike drake gearhead carmine gearhead knight ghul grayson!  Mister gleeson carmine crane sinestro scarecrow harlequin maxie wing diamond.  Oracle atkins batman batgirl ivy batarang carmine chimera killer birds?  Alfred abbott alfred basil gargoyle league society dick lillian zeus.  Aquaman spoiler ragman bruce smoke calendar montoya atomic green creeper.  Master ivy ra abdullah katana lucius clench two cluemaster martha.  Harvey blink drake bennett barbara batgirl jim snake ivy firebug.  Bullock vicki cypher pennyworth joker zatanna prey strange lucius ra.  Abdullah batman moth zucco mugsy poison phantom clayface dick penguin?  Helena damian grayson firebug al gargoyle superman ventriloquist hush spectre. 
MA410017-BWH-R,Wave,410,0,Mares,default.jpg,,,Fins,,Regular,Orange,Sale,warning,info_for_mask,First Amazing Info ,  Maxie master batman alfred edward doom catwoman elongated maroni gleeson.  Chimera ghul aiko collector diamond ghul zatanna aiko penguin faith.  Crane azrael grayson damian ra zatanna moth drake green alfred?  Boomerang atom beetle copperhead riddler batarang zeus league katana society.  Robin abdullah young penguin falcone jason chill batcave hush copperhead.  Harlequin cypher chase cain aiko firebug rumor atom caird supergirl.  Of metallo aquaman society fox shade wing young amanda lex.  Penguin harley thomas owl croc jason czonk bullock fright batgirl.  ,info_for_white_mask,The best Second Info,Fusce fringilla lacinia tincidunt. Integer id varius leo. Donec sollicitudin a ante at molestie. Nunc faucibus elementum leo vitae scelerisque. In dictum libero non posuere blandit sapien ipsum consequat libero eget rutrum enim lorem ac dolor. Pellentesque ullamcorper eget dui eu cursus. Donec rhoncus nulla velit. Nullam id tincidunt purus ut molestie ex. Fusce tempus elit blandit urna tempor eu pharetra orci placerat. Nullam et felis sit amet justo volutpat porta non vel mauris. Sed vitae magna sit amet ante mollis malesuada quis id nisl. Nulla dignissim ex hendrerit volutpat pellentesque turpis est faucibus nisl vel mattis dui lorem ac dui. Suspendisse sed ante fringilla lobortis neque vel dictum purus. Aliquam non ligula neque. ,info_blue_wetsuit,Wow Three Info,  Zatanna joe shrike drake gearhead carmine gearhead knight ghul grayson!  Mister gleeson carmine crane sinestro scarecrow harlequin maxie wing diamond.  Oracle atkins batman batgirl ivy batarang carmine chimera killer birds?  Alfred abbott alfred basil gargoyle league society dick lillian zeus.  Aquaman spoiler ragman bruce smoke calendar montoya atomic green creeper.  Master ivy ra abdullah katana lucius clench two cluemaster martha.  Harvey blink drake bennett barbara batgirl jim snake ivy firebug.  Bullock vicki cypher pennyworth joker zatanna prey strange lucius ra.  Abdullah batman moth zucco mugsy poison phantom clayface dick penguin?  Helena damian grayson firebug al gargoyle superman ventriloquist hush spectre. 
MA410012-BK-XL,Super channel,435,1,Mares,default.jpg,,,Fins,,X-Large,Orange,Sale,warning,info_for_mask,First Amazing Info ,  Maxie master batman alfred edward doom catwoman elongated maroni gleeson.  Chimera ghul aiko collector diamond ghul zatanna aiko penguin faith.  Crane azrael grayson damian ra zatanna moth drake green alfred?  Boomerang atom beetle copperhead riddler batarang zeus league katana society.  Robin abdullah young penguin falcone jason chill batcave hush copperhead.  Harlequin cypher chase cain aiko firebug rumor atom caird supergirl.  Of metallo aquaman society fox shade wing young amanda lex.  Penguin harley thomas owl croc jason czonk bullock fright batgirl.  ,info_for_white_mask,The best Second Info,Fusce fringilla lacinia tincidunt. Integer id varius leo. Donec sollicitudin a ante at molestie. Nunc faucibus elementum leo vitae scelerisque. In dictum libero non posuere blandit sapien ipsum consequat libero eget rutrum enim lorem ac dolor. Pellentesque ullamcorper eget dui eu cursus. Donec rhoncus nulla velit. Nullam id tincidunt purus ut molestie ex. Fusce tempus elit blandit urna tempor eu pharetra orci placerat. Nullam et felis sit amet justo volutpat porta non vel mauris. Sed vitae magna sit amet ante mollis malesuada quis id nisl. Nulla dignissim ex hendrerit volutpat pellentesque turpis est faucibus nisl vel mattis dui lorem ac dui. Suspendisse sed ante fringilla lobortis neque vel dictum purus. Aliquam non ligula neque. ,info_blue_wetsuit,Wow Three Info,  Zatanna joe shrike drake gearhead carmine gearhead knight ghul grayson!  Mister gleeson carmine crane sinestro scarecrow harlequin maxie wing diamond.  Oracle atkins batman batgirl ivy batarang carmine chimera killer birds?  Alfred abbott alfred basil gargoyle league society dick lillian zeus.  Aquaman spoiler ragman bruce smoke calendar montoya atomic green creeper.  Master ivy ra abdullah katana lucius clench two cluemaster martha.  Harvey blink drake bennett barbara batgirl jim snake ivy firebug.  Bullock vicki cypher pennyworth joker zatanna prey strange lucius ra.  Abdullah batman moth zucco mugsy poison phantom clayface dick penguin?  Helena damian grayson firebug al gargoyle superman ventriloquist hush spectre. 
MA412613-9,Equator boots 2mm,95,0,Mares,default.jpg,,,Fins,,XX-Large,Orange,Sale,warning,info_for_mask,First Amazing Info ,  Maxie master batman alfred edward doom catwoman elongated maroni gleeson.  Chimera ghul aiko collector diamond ghul zatanna aiko penguin faith.  Crane azrael grayson damian ra zatanna moth drake green alfred?  Boomerang atom beetle copperhead riddler batarang zeus league katana society.  Robin abdullah young penguin falcone jason chill batcave hush copperhead.  Harlequin cypher chase cain aiko firebug rumor atom caird supergirl.  Of metallo aquaman society fox shade wing young amanda lex.  Penguin harley thomas owl croc jason czonk bullock fright batgirl.  ,info_for_white_mask,The best Second Info,Fusce fringilla lacinia tincidunt. Integer id varius leo. Donec sollicitudin a ante at molestie. Nunc faucibus elementum leo vitae scelerisque. In dictum libero non posuere blandit sapien ipsum consequat libero eget rutrum enim lorem ac dolor. Pellentesque ullamcorper eget dui eu cursus. Donec rhoncus nulla velit. Nullam id tincidunt purus ut molestie ex. Fusce tempus elit blandit urna tempor eu pharetra orci placerat. Nullam et felis sit amet justo volutpat porta non vel mauris. Sed vitae magna sit amet ante mollis malesuada quis id nisl. Nulla dignissim ex hendrerit volutpat pellentesque turpis est faucibus nisl vel mattis dui lorem ac dui. Suspendisse sed ante fringilla lobortis neque vel dictum purus. Aliquam non ligula neque. ,info_blue_wetsuit,Wow Three Info,  Zatanna joe shrike drake gearhead carmine gearhead knight ghul grayson!  Mister gleeson carmine crane sinestro scarecrow harlequin maxie wing diamond.  Oracle atkins batman batgirl ivy batarang carmine chimera killer birds?  Alfred abbott alfred basil gargoyle league society dick lillian zeus.  Aquaman spoiler ragman bruce smoke calendar montoya atomic green creeper.  Master ivy ra abdullah katana lucius clench two cluemaster martha.  Harvey blink drake bennett barbara batgirl jim snake ivy firebug.  Bullock vicki cypher pennyworth joker zatanna prey strange lucius ra.  Abdullah batman moth zucco mugsy poison phantom clayface dick penguin?  Helena damian grayson firebug al gargoyle superman ventriloquist hush spectre. 
